category,text
0,"Just happened a terrible car crash. My thoughts are with those affected. Stay safe, everyone."
0,Reports of earthquakes in different cities are concerning. Please take necessary precautions and stay safe.
0,"A forest fire at Spot Pond is a critical situation. If possible, contact local authorities for assistance. It's heartbreaking to see geese fleeing, but your safety is the top priority."
0,Apocalypse lighting in Spokane due to wildfires is alarming. Stay informed and follow evacuation orders if necessary.
0,Typhoon Soudelor's impact on China and Taiwan is devastating. My condolences to the affected families.
0,An earthquake is a frightening experience. Stay calm and find a safe place until it subsides.
0,The situation at Birmingham Wholesale Market is concerning. Follow updates from reliable sources for the latest information.
0,Rape victim self-immolation is a tragic incident. It highlights the importance of addressing such issues in society.
0,"Accidents on the road can be dangerous. Please drive safely, and if you witness or are involved in an accident, seek help immediately."
0,"Burning oneself is a serious matter. If you or someone you know is in crisis, reach out to appropriate support services."
0,Stay safe and take care during these challenging times.
0,"Devastating news of a massive pile-up on the highway. My heart goes out to those affected. Stay safe, everyone."
0,Just heard about a series of earthquakes hitting various cities. Please stay vigilant and prioritize your safety.
0,Forest fire reported at Green Valley. Wildlife in danger. Authorities are on the scene. Stay informed and stay safe.
0,Terrifying scenes of wildfires in the hills near #CityName. Praying for everyone's safety and hoping for a swift containment.
0,"Typhoon alert in the coastal regions. Take all necessary precautions, and evacuate if instructed. Thoughts with those in the affected areas."
0,Felt the ground shake just now. Earthquake jitters are no joke. Stay under cover and keep an eye on updates.
0,"Fire outbreak at the local market. Hoping everyone is evacuated safely. Stay strong, #CommunityName."
0,Heartbreaking incident of self-immolation. We need to address the root causes of such tragedies and work towards a safer society.
0,Road accident reported near downtown. Emergency services are on the way. Please avoid the area and drive carefully.
0,"Stay cautious with those curling wands, folks. Accidents happen, and safety should always be a priority."
0,Unfortunate coincidence or a curse? Unresolved secrets from the past are surfacing. Let's hope for clarity and resolution.
0,Construction accidents are preventable. Let's ensure workplace safety to avoid any mishaps.
0,Witnessed a near miss at the Disney store construction site. Safety first! Huge gauges in the ears might be a risk factor.
0,Traffic delays due to an accident on the #M42 northbound. Patience is key; stay updated for alternative routes.
0,Accidentally met someone interesting this week. Life's full of surprises. Share your accidental encounters! #UnexpectedConnections